metric,control,treated,difference_in_differences
change_volume,578171.9837792849,2272451.61458693,1694279.630807645
change_sides,-0.6831072749691739,0.6781750924784217,1.3612823674475956
change_avg_sale_price_iqr,118227.90935001777,157350.7369916116,39122.82764159383
change_luxury_share,0.0061673710800698445,0.05190034874613917,0.045732977666069326
